<?xml version="1.0" encoding="UTF-8"?>
<deploy xmlns="http://www.apache.org/ode/schemas/dd/2007/03" xmlns:bpel.data_mashup.as.ipvs.informatik.uni_stuttgart.de="http://bpel.data_mashup.as.ipvs.informatik.uni_stuttgart.de" xmlns:operations.web_services.data_mashup.as.ipvs.uni_stuttgart.de="http://operations.web_services.data_mashup.as.ipvs.uni_stuttgart.de" xmlns:sql.web_services.data_mashup.as.ipvs.uni_stuttgart.de="http://sql.web_services.data_mashup.as.ipvs.uni_stuttgart.de" xmlns:twitter.web_services.data_mashup.as.ipvs.uni_stuttgart.de="http://twitter.web_services.data_mashup.as.ipvs.uni_stuttgart.de">
  <process name="bpel.data_mashup.as.ipvs.informatik.uni_stuttgart.de:DataMashupProcess">
    <active>true</active>
    <retired>false</retired>
    <process-events generate="all"/>
    <provide partnerLink="client">
      <service name="bpel.data_mashup.as.ipvs.informatik.uni_stuttgart.de:DataMashupProcessService" port="DataMashupProcessPort"/>
    </provide>
    <invoke partnerLink="NYTRSSExtractorParnterLink">
      <service name="sql.web_services.data_mashup.as.ipvs.uni_stuttgart.de:NYTRSSExtractorService" port="NYTRSSExtractor"/>
    </invoke>
    <invoke partnerLink="TwitterServicePartnerLink">
      <service name="sql.web_services.data_mashup.as.ipvs.uni_stuttgart.de:TwitterServiceService" port="TwitterService"/>
    </invoke>
    <invoke partnerLink="TwitterExtractorPartnerLink">
      <service name="twitter.web_services.data_mashup.as.ipvs.uni_stuttgart.de:TwitterEtractorService" port="TwitterEtractor"/>
    </invoke>
    <invoke partnerLink="TwitterFilterPartnerLink">
      <service name="twitter.web_services.data_mashup.as.ipvs.uni_stuttgart.de:TwitterFilterService" port="TwitterFilter"/>
    </invoke>
    <invoke partnerLink="JoinPartnerLink">
      <service name="operations.web_services.data_mashup.as.ipvs.uni_stuttgart.de:JoinService" port="Join"/>
    </invoke>
  </process>
</deploy>